{"count":1,"self":5525.4605824,"total":10714.1930672,"children":{"InitializeActuators":{"count":16,"self":0.0040012,"total":0.0040012,"children":null},"InitializeSensors":{"count":16,"self":0.0089641,"total":0.0089641,"children":null},"AgentSendState":{"count":502913,"self":1090.681856,"total":1220.1918283,"children":{"CollectObservations":{"count":8046608,"self":89.14273279999999,"total":89.1427314,"children":null},"WriteActionMask":{"count":8046608,"self":12.7311728,"total":12.731173199999999,"children":null},"RequestDecision":{"count":8046608,"self":27.636063999999998,"total":27.6360656,"children":null}}},"DecideAction":{"count":502913,"self":3815.9532031999997,"total":3896.87372,"children":{"RayPerceptionSensor.Perceive":{"count":24139824,"self":80.920614399999991,"total":80.920617299999989,"children":null}}},"AgentAct":{"count":502913,"self":71.651884799999991,"total":71.6518823,"children":null}},"gauges":{"AgilityGame3Balls.CumulativeReward":{"count":338,"max":4.46000051,"min":-3.24004745,"runningAverage":2.78719068,"value":2.59000134,"weightedAverage":2.59377241}},"metadata":{"timer_format_version":"0.1.0","start_time_seconds":"1629958890","unity_version":"2020.3.2f1","command_line_arguments":"E:\\Program Files\\Unity\\2020.3.2f1\\Editor\\Unity.exe -projectpath F:\/Users\/jp\/Unity\/Machine Learning\/ML-Agility Game -useHub -hubIPC -cloudEnvironment production -hubSessionId 2d26bdf0-05a1-11ec-82cc-39a9e916fd3b -accessToken 4XDwO6R8lkg0pHhRyX6DiqvEXrC6rpPwxcuGpI3iLX0008f","communication_protocol_version":"1.5.0","com.unity.ml-agents_version":"2.1.0-exp.1","scene_name":"AgilityGameAgent_3_Balls","end_time_seconds":"1629969604"}}